Time,Demand,temperature_2m,relative_humidity_2m,precipitation,wind_speed_10m,cloud_cover
2026-05-12 00:00:00,242.2,23.4,87,0.3,9.3,32
2026-05-12 01:00:00,233.91,22.9,89,0.0,8.5,20
2026-05-12 02:00:00,221.54,22.5,92,0.0,8.2,5
2026-05-12 03:00:00,207.75,22.2,94,0.0,8.0,1
2026-05-12 04:00:00,195.5,22.0,95,0.0,8.0,0
2026-05-12 05:00:00,195.56,21.6,98,0.0,9.0,9
2026-05-12 06:00:00,202.22,22.7,97,0.0,10.9,30
2026-05-12 07:00:00,223.13,23.4,93,0.0,13.5,47
2026-05-12 08:00:00,242.66,24.6,87,0.0,11.7,77
2026-05-12 09:00:00,247.59,26.1,83,0.0,9.2,60
2026-05-12 10:00:00,253.75,27.2,80,0.0,8.6,85
2026-05-12 11:00:00,261.39,28.0,75,0.0,6.8,100
2026-05-12 12:00:00,281.47,27.0,76,0.0,6.6,100
2026-05-12 13:00:00,287.27,27.5,78,0.7,5.4,10
2026-05-12 14:00:00,273.37,29.0,72,0.1,6.3,33
2026-05-12 15:00:00,255.88,29.1,70,0.0,6.1,25
2026-05-12 16:00:00,237.13,29.3,70,0.1,6.4,14
2026-05-12 17:00:00,235.8,27.9,74,0.2,7.1,41
2026-05-12 18:00:00,237.32,28.1,80,0.4,3.1,42
2026-05-12 19:00:00,276.16,26.6,86,0.0,4.1,23
2026-05-12 20:00:00,288.69,26.0,88,0.0,7.6,20
2026-05-12 21:00:00,276.4,25.6,88,0.0,8.6,9
2026-05-12 22:00:00,260.38,25.2,88,0.0,8.6,44
2026-05-12 23:00:00,236.65,24.6,92,0.5,5.6,69
2026-05-13 00:00:00,228.13,24.5,95,0.6,5.4,11
2026-05-13 01:00:00,214.73,23.5,97,0.1,12.6,65
2026-05-13 02:00:00,204.79,23.1,95,0.4,12.6,98
2026-05-13 03:00:00,195.11,22.5,98,0.9,6.2,100
2026-05-13 04:00:00,187.65,22.2,98,0.9,10.0,41
2026-05-13 05:00:00,187.57,21.8,98,0.0,11.8,41
2026-05-13 06:00:00,193.27,23.4,98,0.1,9.6,66
2026-05-13 07:00:00,210.68,23.7,95,0.4,13.0,77
2026-05-13 08:00:00,228.1153,24.5,89,0.6,10.6,63
2026-05-13 09:00:00,234.9192,25.6,87,0.5,9.2,74
2026-05-13 10:00:00,240.04,26.0,85,0.6,12.9,97
2026-05-13 11:00:00,250.21,26.0,82,2.5,15.9,77
2026-05-13 12:00:00,254.43,23.5,92,2.7,9.1,100
2026-05-13 13:00:00,256.31,24.0,91,1.4,11.4,77
2026-05-13 14:00:00,238.02,25.4,82,0.5,14.2,59
2026-05-13 15:00:00,219.76,26.6,75,0.2,13.2,94
2026-05-13 16:00:00,219.52,26.5,76,0.0,9.8,97
2026-05-13 17:00:00,212.2,26.2,79,0.2,8.1,38
2026-05-13 18:00:00,214.71,25.0,86,0.5,5.4,13
2026-05-13 19:00:00,259.16,24.0,92,0.0,6.7,35
2026-05-13 20:00:00,258.04,23.8,92,0.1,6.6,34
2026-05-13 21:00:00,248.52,23.6,93,0.3,9.2,75
2026-05-13 22:00:00,236.3,22.5,96,5.6,6.7,100
2026-05-13 23:00:00,222.16,23.0,95,1.6,8.6,75
2026-05-14 00:00:00,215.1,22.9,97,0.5,10.8,91
2026-05-14 01:00:00,205.13,22.5,98,0.1,10.3,100
2026-05-14 02:00:00,197.1,22.3,98,0.1,8.9,100
2026-05-14 03:00:00,192.35,22.1,98,0.4,9.7,100
2026-05-14 04:00:00,185.07,22.0,97,0.2,9.7,100
2026-05-14 05:00:00,176.1,22.1,96,0.1,11.6,100
2026-05-14 06:00:00,179.43,22.5,98,0.2,12.7,100
2026-05-14 07:00:00,209.03,22.9,96,0.8,13.9,38
2026-05-14 08:00:00,232.79,24.5,90,0.3,11.2,73
2026-05-14 09:00:00,245.19,25.6,84,0.1,9.3,77
2026-05-14 10:00:00,250.18,26.5,83,1.4,12.6,31
2026-05-14 11:00:00,261.81,28.0,79,0.3,12.2,28
2026-05-14 12:00:00,288.36,28.4,73,0.0,12.3,100
2026-05-14 13:00:00,294.32,28.0,77,0.6,9.8,9
2026-05-14 14:00:00,277.56,29.5,71,0.1,10.1,10
2026-05-14 15:00:00,263.24,29.5,71,0.0,10.2,23
2026-05-14 16:00:00,253.7,28.6,73,0.5,7.4,48
2026-05-14 17:00:00,243.57,27.6,79,0.6,5.0,69
2026-05-14 18:00:00,253.73,26.8,83,0.7,1.9,5
2026-05-14 19:00:00,304.51,25.8,90,0.0,2.5,5
2026-05-14 20:00:00,302.51,25.4,91,0.0,5.2,13
2026-05-14 21:00:00,288.97,25.2,92,0.0,7.3,5
2026-05-14 22:00:00,275.6397,24.8,91,0.1,9.3,23
2026-05-14 23:00:00,257.9106,23.0,94,0.1,13.5,85
2026-05-15 00:00:00,242.06,23.7,98,0.1,10.2,56
2026-05-15 01:00:00,229.15,22.8,98,0.4,11.7,99
2026-05-15 02:00:00,224.0,22.6,96,0.6,7.6,23
2026-05-15 03:00:00,214.42,22.1,97,1.8,6.8,22
2026-05-15 04:00:00,206.87,22.3,95,0.1,6.4,100
2026-05-15 05:00:00,202.1,22.5,96,0.7,7.6,74
2026-05-15 06:00:00,200.72,24.0,95,0.2,5.6,10
2026-05-15 07:00:00,211.52,24.6,94,0.0,9.0,10
2026-05-15 08:00:00,231.65,25.9,88,0.1,8.9,78
2026-05-15 09:00:00,244.66,25.0,89,1.3,9.8,42
2026-05-15 10:00:00,241.78,26.0,86,1.4,13.4,36
2026-05-15 11:00:00,265.76,28.3,78,0.1,9.7,7
2026-05-15 12:00:00,292.19,29.5,71,0.0,10.0,48
2026-05-15 13:00:00,296.19,29.6,71,0.0,9.5,94
2026-05-15 14:00:00,265.6,29.2,76,0.4,12.0,27
2026-05-15 15:00:00,246.92,29.7,73,0.2,10.2,11
2026-05-15 16:00:00,234.24,29.9,71,0.0,9.3,16
2026-05-15 17:00:00,228.41,29.4,75,0.0,8.0,20
2026-05-15 18:00:00,229.6,28.8,83,0.0,9.8,3
2026-05-15 19:00:00,276.13,27.6,87,0.0,8.4,7
2026-05-15 20:00:00,283.55,26.9,90,0.0,9.7,9
2026-05-15 21:00:00,277.32,26.5,89,0.0,12.2,5
2026-05-15 22:00:00,266.8863,25.9,88,0.0,6.7,38
2026-05-15 23:00:00,252.9743,24.4,96,1.2,14.0,91
2026-05-16 00:00:00,239.1179,23.5,98,0.6,11.4,100
2026-05-16 01:00:00,227.4412,23.0,99,11.7,10.1,100
2026-05-16 02:00:00,204.2835,23.0,98,1.4,13.6,100
2026-05-16 03:00:00,202.0091,23.0,97,2.2,10.8,100
2026-05-16 04:00:00,196.47,22.9,98,8.2,13.2,31
2026-05-16 05:00:00,194.5874,22.9,98,0.4,10.6,51
2026-05-16 06:00:00,200.7468,23.1,97,0.5,9.6,100
2026-05-16 07:00:00,219.5624,23.1,96,1.2,12.5,61
2026-05-16 08:00:00,239.5097,24.7,89,0.9,4.2,59
2026-05-16 09:00:00,258.1076,25.0,89,1.9,2.8,88
2026-05-16 10:00:00,272.3962,26.0,87,2.3,7.2,23
2026-05-16 11:00:00,288.6109,28.4,75,0.1,4.3,25
2026-05-16 12:00:00,312.465,29.5,66,0.0,2.3,63
2026-05-16 13:00:00,317.0138,30.0,68,0.0,1.9,38
2026-05-16 14:00:00,306.2294,30.2,68,0.4,4.7,32
2026-05-16 15:00:00,270.5419,30.3,69,0.1,6.5,25
2026-05-16 16:00:00,262.0628,30.1,71,0.1,6.1,38
2026-05-16 17:00:00,254.7758,29.9,73,0.0,6.3,5
2026-05-16 18:00:00,247.7972,29.6,81,0.0,4.2,9
2026-05-16 19:00:00,294.4481,28.0,86,0.0,3.1,5
2026-05-16 20:00:00,298.8058,27.0,90,0.0,4.4,5
2026-05-16 21:00:00,320.8685,26.5,91,0.0,6.1,3
2026-05-16 22:00:00,302.3461,26.2,92,0.0,10.2,5
2026-05-16 23:00:00,288.4318,24.0,96,2.0,12.8,100
2026-05-17 00:00:00,258.0245,24.4,95,4.2,4.1,9
2026-05-17 01:00:00,247.2609,24.0,98,0.1,10.0,52
2026-05-17 02:00:00,232.6291,23.8,98,0.0,6.5,6
2026-05-17 03:00:00,222.6839,23.7,96,0.1,7.7,100
2026-05-17 04:00:00,214.3645,23.9,96,0.3,7.1,99
2026-05-17 05:00:00,214.8018,23.4,97,1.3,11.6,91
2026-05-17 06:00:00,215.3169,23.2,97,0.2,8.2,88
2026-05-17 07:00:00,231.8891,23.6,94,0.4,9.5,80
2026-05-17 08:00:00,259.1794,24.1,92,2.6,13.5,62
2026-05-17 09:00:00,276.0761,25.0,88,0.2,11.2,29
2026-05-17 10:00:00,278.3297,26.9,80,0.0,12.9,100
2026-05-17 11:00:00,283.8208,27.2,81,0.0,10.8,100
2026-05-17 12:00:00,304.6231,28.4,79,0.1,7.9,100
2026-05-17 13:00:00,312.8967,29.3,75,0.1,11.4,35
2026-05-17 14:00:00,295.5067,30.5,70,0.0,13.2,3
2026-05-17 15:00:00,277.6691,30.5,67,0.0,13.4,46
2026-05-17 16:00:00,261.072,30.3,68,0.0,12.7,39
2026-05-17 17:00:00,249.3377,29.6,74,0.0,8.9,47
2026-05-17 18:00:00,258.1226,30.0,81,0.6,4.3,33
2026-05-17 19:00:00,305.0809,23.7,99,4.5,18.0,100
2026-05-17 20:00:00,318.3586,24.4,94,2.6,7.6,23
2026-05-17 21:00:00,299.1291,24.2,93,0.3,8.2,23
2026-05-17 22:00:00,283.4091,24.2,96,0.0,14.2,12
2026-05-17 23:00:00,272.0061,23.6,97,0.0,13.5,6
2026-05-18 00:00:00,258.1255,24.2,95,0.0,10.7,16
2026-05-18 01:00:00,238.0603,24.0,97,0.0,10.9,84
2026-05-18 02:00:00,222.4821,23.7,98,0.0,14.2,100
2026-05-18 03:00:00,218.2776,23.3,96,0.0,14.4,68
2026-05-18 04:00:00,199.9458,23.0,96,0.0,15.5,100
2026-05-18 05:00:00,195.1918,23.2,96,0.5,13.2,100
2026-05-18 06:00:00,197.7419,23.1,97,0.1,12.1,78
2026-05-18 07:00:00,207.8727,23.9,92,0.1,15.9,100
2026-05-18 08:00:00,258.787,24.0,91,0.0,12.3,41
2026-05-18 09:00:00,272.4545,25.9,83,0.1,10.6,32
2026-05-18 10:00:00,260.628,26.9,81,1.1,9.7,20
2026-05-18 11:00:00,278.7474,28.7,76,0.1,12.1,100
2026-05-18 12:00:00,301.5706,27.8,78,0.1,14.1,100
2026-05-18 13:00:00,309.505,27.5,79,0.0,15.4,100
2026-05-18 14:00:00,291.1181,28.0,78,0.1,16.0,100
2026-05-18 15:00:00,279.868,28.4,77,0.1,13.9,100
2026-05-18 16:00:00,269.1909,28.5,77,0.0,11.7,100
2026-05-18 17:00:00,258.3234,28.2,79,0.0,10.7,12
2026-05-18 18:00:00,256.5051,28.4,85,0.0,11.4,26
2026-05-18 19:00:00,302.438,26.5,90,0.0,13.1,20
2026-05-18 20:00:00,307.3749,26.0,91,0.0,13.9,14
2026-05-18 21:00:00,298.6217,25.6,92,0.0,13.0,16
2026-05-18 22:00:00,284.7767,25.2,91,0.1,14.1,87
2026-05-18 23:00:00,264.3324,25.0,93,0.0,12.5,37
2026-05-19 00:00:00,243.92,25.3,95,0.0,11.8,7
2026-05-19 01:00:00,237.99,24.6,97,0.0,14.1,40
2026-05-19 02:00:00,227.25,24.1,96,0.0,13.7,33
2026-05-19 03:00:00,215.0,23.9,96,0.0,13.3,100
2026-05-19 04:00:00,208.42,24.0,95,0.0,12.1,76
2026-05-19 05:00:00,203.41,23.9,94,0.0,11.2,35
2026-05-19 06:00:00,207.25,24.6,94,0.0,11.2,91
2026-05-19 07:00:00,229.05,25.5,91,0.0,10.4,91
2026-05-19 08:00:00,242.19,26.6,84,0.0,13.5,100
2026-05-19 09:00:00,261.55,26.8,85,0.1,15.6,100
2026-05-19 10:00:00,263.56,26.9,84,0.0,12.6,93
2026-05-19 11:00:00,276.41,29.0,76,0.0,12.3,100
2026-05-19 12:00:00,296.97,29.4,75,0.0,9.6,89
2026-05-19 13:00:00,305.23,30.9,68,0.0,8.7,88
2026-05-19 14:00:00,295.25,31.2,67,0.0,8.4,88
2026-05-19 15:00:00,282.74,31.2,67,0.0,8.0,25
2026-05-19 16:00:00,271.36,31.5,65,0.0,6.0,16
2026-05-19 17:00:00,266.46,31.3,68,0.0,3.1,50
2026-05-19 18:00:00,270.48,30.5,80,0.0,3.3,18
2026-05-19 19:00:00,322.94,28.9,82,0.0,4.1,12
2026-05-19 20:00:00,336.2067,28.0,84,0.0,4.4,19
2026-05-19 21:00:00,326.6483,27.5,85,0.0,4.7,14
2026-05-19 22:00:00,311.4064,27.0,86,0.0,4.3,13
2026-05-19 23:00:00,291.8992,26.6,88,0.0,4.8,34
2026-05-20 00:00:00,279.76,27.3,86,0.0,5.0,30
2026-05-20 01:00:00,272.52,26.5,90,0.1,5.5,31
2026-05-20 02:00:00,262.57,26.3,91,0.0,5.7,9
2026-05-20 03:00:00,255.12,25.9,94,0.0,5.9,7
2026-05-20 04:00:00,244.7,25.8,93,0.0,7.1,9
2026-05-20 05:00:00,239.95,25.6,93,0.1,9.9,34
2026-05-20 06:00:00,241.94,26.5,95,0.1,9.1,17
2026-05-20 07:00:00,255.19,27.5,90,0.0,8.9,39
2026-05-20 08:00:00,275.99,28.5,85,0.0,11.1,44
2026-05-20 09:00:00,289.9,29.2,83,0.0,10.7,95
2026-05-20 10:00:00,289.62,30.1,80,0.0,9.6,54
2026-05-20 11:00:00,302.65,31.0,78,0.0,8.7,58
2026-05-20 12:00:00,323.76,30.9,76,0.0,5.4,100
2026-05-20 13:00:00,315.01,30.8,77,0.2,8.3,99
2026-05-20 14:00:00,315.22,31.0,76,0.1,7.9,66
2026-05-20 15:00:00,305.4,31.5,75,0.0,7.2,37
2026-05-20 16:00:00,297.8706,31.6,73,0.0,5.7,45
2026-05-20 17:00:00,289.4531,31.6,71,0.0,3.4,34
2026-05-20 18:00:00,291.4264,31.4,78,0.1,4.5,48
2026-05-20 19:00:00,341.7567,29.9,83,0.0,4.4,32
2026-05-20 20:00:00,353.9667,29.1,86,0.0,4.5,13
2026-05-20 21:00:00,348.5811,28.6,88,0.0,4.9,5
2026-05-20 22:00:00,334.3156,28.3,87,0.0,5.8,12
2026-05-20 23:00:00,324.1306,28.0,87,0.0,6.8,5
2026-05-21 00:00:00,301.22,27.5,92,0.0,2.0,52
2026-05-21 01:00:00,293.05,27.1,93,0.0,5.9,27
2026-05-21 02:00:00,284.85,27.0,94,0.0,8.4,15
2026-05-21 03:00:00,276.58,26.2,94,0.1,10.4,30
2026-05-21 04:00:00,256.86,26.1,93,0.1,5.9,51
2026-05-21 05:00:00,235.23,25.0,96,1.6,9.7,23
2026-05-21 06:00:00,216.9022,25.3,96,0.2,1.0,92
2026-05-21 07:00:00,161.7825,25.1,96,5.9,11.5,100
2026-05-21 08:00:00,207.7497,25.5,94,7.3,14.5,100
2026-05-21 09:00:00,247.9206,25.5,93,8.6,12.7,100
2026-05-21 10:00:00,269.9972,25.9,91,4.5,15.5,99
2026-05-21 11:00:00,272.1247,27.6,85,0.6,14.4,91
2026-05-21 12:00:00,304.88,26.5,88,0.4,10.1,98
2026-05-21 13:00:00,319.1456,28.2,82,0.7,11.1,100
2026-05-21 14:00:00,304.3353,28.7,81,0.6,10.7,100
2026-05-21 15:00:00,277.43,28.9,82,0.4,9.6,79
2026-05-21 16:00:00,253.66,29.1,81,0.5,10.9,31
2026-05-21 17:00:00,264.9,28.9,83,0.4,6.2,84
2026-05-21 18:00:00,266.15,29.6,78,0.1,4.9,63
2026-05-21 19:00:00,306.58,28.1,85,0.3,7.3,79
2026-05-21 20:00:00,308.14,27.1,91,0.0,4.1,20
2026-05-21 21:00:00,309.7,26.9,92,0.0,2.0,12
2026-05-21 22:00:00,304.04,26.7,93,0.0,4.5,2
2026-05-21 23:00:00,287.33,26.5,94,0.0,4.7,7
2026-05-22 00:00:00,271.4669,27.0,92,0.0,6.0,9
2026-05-22 01:00:00,261.4872,26.5,93,0.0,6.0,5
2026-05-22 02:00:00,256.5642,25.7,93,0.1,7.1,58
2026-05-22 03:00:00,247.7869,24.1,97,1.9,9.1,52
2026-05-22 04:00:00,239.1433,24.0,98,1.5,6.7,99
2026-05-22 05:00:00,229.6503,24.1,98,3.6,7.8,61
2026-05-22 06:00:00,226.81,25.1,95,0.3,4.9,27
2026-05-22 07:00:00,230.5206,25.7,96,0.8,8.5,93
2026-05-22 08:00:00,243.19,26.4,91,0.2,10.9,17
2026-05-22 09:00:00,261.41,27.9,83,0.0,10.7,34
2026-05-22 10:00:00,271.23,29.6,75,0.0,6.1,53
2026-05-22 11:00:00,291.62,31.4,66,0.0,3.6,62
2026-05-22 12:00:00,309.95,30.6,73,0.0,5.8,100
2026-05-22 13:00:00,315.72,31.0,71,0.0,6.7,100
2026-05-22 14:00:00,283.38,31.2,71,0.0,4.9,46
2026-05-22 15:00:00,268.02,30.8,73,0.0,5.7,97
2026-05-22 16:00:00,245.6,30.5,77,0.6,6.7,54
2026-05-22 17:00:00,254.0,30.6,77,0.1,6.0,19
2026-05-22 18:00:00,252.16,28.4,91,0.0,3.2,70
2026-05-22 19:00:00,286.95,26.9,94,1.0,5.3,61
2026-05-22 20:00:00,304.34,26.8,96,0.3,7.0,20
2026-05-22 21:00:00,299.96,26.1,98,0.1,7.4,38
2026-05-22 22:00:00,293.82,25.9,97,0.0,8.3,27
2026-05-22 23:00:00,286.1539,25.3,97,0.1,6.8,75
2026-05-23 00:00:00,274.8997,25.4,100,0.9,6.2,100
2026-05-23 01:00:00,262.1039,25.2,97,3.0,4.5,100
2026-05-23 02:00:00,247.1283,24.4,97,4.1,5.8,100
2026-05-23 03:00:00,239.8551,24.2,97,1.1,5.8,62
2026-05-23 04:00:00,241.1554,23.5,97,3.5,8.7,99
2026-05-23 05:00:00,208.532,23.5,98,3.3,9.2,100
2026-05-23 06:00:00,219.8344,24.8,98,14.3,11.2,69
2026-05-23 07:00:00,215.89,25.0,96,0.2,10.7,66
2026-05-23 08:00:00,229.58,24.4,94,1.1,15.8,59
2026-05-23 09:00:00,258.57,25.6,91,1.4,6.5,82
2026-05-23 10:00:00,274.45,27.2,85,0.2,10.9,100
2026-05-23 11:00:00,303.92,29.2,78,0.6,10.1,73
2026-05-23 12:00:00,323.6,28.9,77,0.4,12.3,100
2026-05-23 13:00:00,326.79,29.4,77,0.0,12.5,100
2026-05-23 14:00:00,320.87,30.0,76,0.0,12.2,100
2026-05-23 15:00:00,287.0,31.0,75,0.0,9.0,44
2026-05-23 16:00:00,271.67,31.3,76,0.0,10.8,55
2026-05-23 17:00:00,263.17,30.8,79,0.2,9.0,52
2026-05-23 18:00:00,259.67,28.3,86,0.1,5.9,77
2026-05-23 19:00:00,307.7,24.4,98,2.4,2.7,82
2026-05-23 20:00:00,312.86,25.5,96,0.3,8.3,2
2026-05-23 21:00:00,308.3406,25.4,97,0.0,7.8,5
2026-05-23 22:00:00,277.713,25.0,96,0.0,12.6,12
2026-05-23 23:00:00,255.4313,25.0,96,0.0,8.6,6
2026-05-24 00:00:00,260.4256,24.2,96,0.0,9.4,35
2026-05-24 01:00:00,244.3632,24.3,95,0.0,10.1,13
2026-05-24 02:00:00,224.6662,24.2,97,0.0,11.0,100
2026-05-24 03:00:00,227.6153,23.8,95,0.0,9.4,100
2026-05-24 04:00:00,219.6059,24.0,95,0.0,7.8,100
2026-05-24 05:00:00,212.8915,24.0,96,0.0,10.2,100
2026-05-24 06:00:00,213.3703,25.8,99,0.3,8.5,100
2026-05-24 07:00:00,215.9567,26.5,97,0.2,12.6,100
2026-05-24 08:00:00,232.47,27.4,94,0.1,10.9,100
2026-05-24 09:00:00,255.59,27.5,93,0.1,8.8,100
2026-05-24 10:00:00,275.53,27.4,94,0.3,8.2,100
2026-05-24 11:00:00,320.26,27.0,91,0.7,12.7,100
2026-05-24 12:00:00,313.92,28.6,83,1.5,11.5,30
2026-05-24 13:00:00,315.48,29.9,79,0.1,9.2,13
2026-05-24 14:00:00,304.26,31.9,69,0.1,5.6,23
2026-05-24 15:00:00,293.04,32.8,63,0.1,7.6,23
2026-05-24 16:00:00,273.84,32.9,63,0.0,9.9,15
2026-05-24 17:00:00,268.89,32.4,70,0.0,7.1,13
2026-05-24 18:00:00,271.77,29.9,78,0.0,13.0,11
2026-05-24 19:00:00,306.28,28.8,81,0.0,12.3,5
2026-05-24 20:00:00,314.11,28.2,83,0.0,14.4,10
2026-05-24 21:00:00,305.5249,27.2,83,0.0,15.4,7
2026-05-24 22:00:00,292.3326,26.5,84,0.0,15.0,3
2026-05-24 23:00:00,260.6072,26.2,85,0.0,14.7,0
2026-05-25 00:00:00,257.9957,25.5,88,0.0,7.5,85
2026-05-25 01:00:00,246.5257,25.0,92,2.0,14.6,99
2026-05-25 02:00:00,234.136,24.2,94,1.0,12.3,93
2026-05-25 03:00:00,224.3574,24.2,95,0.1,10.6,53
2026-05-25 04:00:00,209.0711,24.5,97,0.0,12.3,91
2026-05-25 05:00:00,181.3762,23.1,98,3.0,18.1,100
2026-05-25 06:00:00,160.4845,22.0,98,14.7,11.5,100
2026-05-25 07:00:00,177.5776,22.7,95,0.0,9.9,100
2026-05-25 08:00:00,195.8645,23.5,95,0.5,12.4,100
2026-05-25 09:00:00,221.8,25.6,88,0.0,10.0,52
2026-05-25 10:00:00,239.81,27.5,78,0.0,17.8,89
2026-05-25 11:00:00,260.37,28.3,77,0.0,10.7,75
2026-05-25 12:00:00,296.59,28.9,75,0.0,13.7,0
2026-05-25 13:00:00,310.68,29.9,70,0.0,11.5,1
2026-05-25 14:00:00,287.3769,30.6,66,0.0,9.4,32
2026-05-25 15:00:00,266.54,30.6,66,0.0,10.8,30
2026-05-25 16:00:00,253.12,30.4,72,0.0,10.4,9
2026-05-25 17:00:00,239.82,29.9,75,0.1,10.5,28
2026-05-25 18:00:00,253.5,28.5,79,0.0,12.6,31
2026-05-25 19:00:00,280.4,27.5,82,0.0,14.8,26
2026-05-25 20:00:00,286.3483,26.4,88,0.2,12.0,100
2026-05-25 21:00:00,275.6282,25.2,93,0.3,16.6,97
2026-05-25 22:00:00,259.2745,24.5,94,0.5,14.5,100
2026-05-25 23:00:00,252.16539999999998,24.0,95,0.3,15.1,100
2026-05-26 00:00:00,245.0563,24.6,94,0.3,12.8,98
2026-05-26 01:00:00,208.68,23.9,94,0.8,14.4,88
2026-05-26 02:00:00,209.4623,23.6,94,0.2,8.1,88
2026-05-26 03:00:00,206.9463,23.8,95,0.1,8.6,100
2026-05-26 04:00:00,194.3663,23.6,94,0.5,10.8,84
2026-05-26 05:00:00,188.8057,23.1,95,3.6,13.4,95
2026-05-26 06:00:00,192.1357,23.0,98,2.0,12.9,80
2026-05-26 07:00:00,214.3569,24.1,91,0.0,11.2,63
2026-05-26 08:00:00,234.6117,25.6,85,0.0,6.6,23
2026-05-26 09:00:00,252.118,27.1,79,0.0,4.6,40
2026-05-26 10:00:00,263.6091,27.6,76,0.1,10.8,90
2026-05-26 11:00:00,268.0491,28.4,74,0.0,12.9,62
2026-05-26 12:00:00,274.8889,27.0,80,0.0,11.6,30
2026-05-26 13:00:00,289.9954,28.6,72,0.0,14.1,5
2026-05-26 14:00:00,281.1789,29.7,68,0.0,14.9,30
2026-05-26 15:00:00,266.8522,30.0,66,0.0,13.0,100
2026-05-26 16:00:00,250.7675,29.6,67,0.0,11.9,100
2026-05-26 17:00:00,243.9739,28.7,72,0.0,10.9,96
2026-05-26 18:00:00,245.8444,28.1,73,0.0,15.8,35
2026-05-26 19:00:00,277.1403,26.7,77,0.0,10.8,100
2026-05-26 20:00:00,282.9575,26.0,80,0.1,11.1,22
2026-05-26 21:00:00,268.1781,25.1,84,0.1,11.9,26
2026-05-26 22:00:00,260.7678,24.5,89,0.4,13.8,83
2026-05-26 23:00:00,256.0717,23.8,94,0.8,13.4,80
2026-05-27 00:00:00,242.0417,24.2,94,0.6,14.0,100
2026-05-27 01:00:00,228.9889,24.0,94,0.1,10.8,100
2026-05-27 02:00:00,217.8067,23.9,94,0.4,9.6,100
2026-05-27 03:00:00,210.5197,23.5,96,0.5,12.2,100
2026-05-27 04:00:00,201.5061,23.0,94,0.2,14.8,100
2026-05-27 05:00:00,185.8839,23.0,92,0.1,10.6,100
2026-05-27 06:00:00,187.9908,23.2,92,0.3,11.1,100
2026-05-27 07:00:00,198.2275,23.2,94,0.1,11.3,100
2026-05-27 08:00:00,219.8997,23.8,92,0.2,12.5,100
2026-05-27 09:00:00,234.7432,24.5,89,0.0,11.6,100
2026-05-27 10:00:00,254.5274,25.7,83,0.0,15.5,98
2026-05-27 11:00:00,263.6794,27.0,76,0.0,12.3,100
2026-05-27 12:00:00,280.1988,25.9,78,0.0,14.7,99
2026-05-27 13:00:00,281.4612,26.0,78,0.0,11.6,87
2026-05-27 14:00:00,269.8824,27.5,73,0.1,15.5,100
2026-05-27 15:00:00,237.05,27.4,72,0.0,12.5,41
2026-05-27 16:00:00,228.4031,27.9,70,0.0,11.2,18
2026-05-27 17:00:00,220.4069,27.5,71,0.0,10.0,17
2026-05-27 18:00:00,220.3967,28.1,74,0.0,11.8,17
2026-05-27 19:00:00,246.6975,25.6,80,0.0,16.4,2
2026-05-27 20:00:00,261.8469,24.1,84,0.0,9.9,16
2026-05-27 21:00:00,245.9369,24.0,86,0.0,6.7,6
2026-05-27 22:00:00,239.8869,23.8,88,0.0,5.9,4
2026-05-27 23:00:00,237.8539,23.7,90,0.0,7.2,41
2026-05-28 00:00:00,222.0871,25.0,90,0.0,7.7,80
2026-05-28 01:00:00,212.5215,24.3,90,0.0,9.0,70
2026-05-28 02:00:00,205.3826,23.1,96,0.9,10.4,100
2026-05-28 03:00:00,196.9815,22.4,96,0.2,9.8,80
2026-05-28 04:00:00,186.2188,22.0,97,0.0,9.4,40
2026-05-28 05:00:00,182.2359,22.0,97,0.0,7.2,9
2026-05-28 06:00:00,192.9768,24.0,95,0.0,9.4,21
2026-05-28 07:00:00,216.6658,25.0,89,0.0,12.1,29
2026-05-28 08:00:00,219.8622,25.6,84,0.0,10.4,10
2026-05-28 09:00:00,209.8928,26.8,80,0.2,9.9,48
2026-05-28 10:00:00,203.2842,26.5,82,0.1,10.1,53
2026-05-28 11:00:00,204.0653,27.5,77,0.0,10.4,18
2026-05-28 12:00:00,204.4558,29.0,70,0.0,7.9,49
2026-05-28 13:00:00,205.4939,29.9,68,0.0,9.7,12
2026-05-28 14:00:00,203.2944,30.4,67,0.0,10.9,9
2026-05-28 15:00:00,209.7465,30.3,66,0.2,12.4,27
2026-05-28 16:00:00,210.2144,29.8,68,0.2,10.0,20
2026-05-28 17:00:00,209.1697,29.2,71,0.1,8.5,20
2026-05-28 18:00:00,211.8903,23.6,89,0.1,12.2,16
2026-05-28 19:00:00,242.1759,23.8,88,0.0,7.8,17
2026-05-28 20:00:00,261.6879,23.7,92,0.0,8.1,12
2026-05-28 21:00:00,255.4088,24.0,92,0.0,9.2,10
2026-05-28 22:00:00,248.5203,24.1,92,0.0,9.4,4
2026-05-28 23:00:00,240.5561,24.0,92,0.0,7.5,13
2026-05-29 00:00:00,222.0719,24.8,90,0.0,6.2,13
2026-05-29 01:00:00,212.2875,24.3,93,0.0,5.3,17
2026-05-29 02:00:00,204.1989,24.3,94,0.0,6.1,33
2026-05-29 03:00:00,190.9406,24.1,96,0.0,7.8,26
2026-05-29 04:00:00,185.6783,24.1,96,0.0,8.9,12
2026-05-29 05:00:00,181.3206,24.0,96,0.0,8.8,43
2026-05-29 06:00:00,181.8242,25.1,92,0.0,11.3,25
2026-05-29 07:00:00,197.1556,25.9,87,0.0,13.8,27
2026-05-29 08:00:00,210.5626,27.0,83,0.0,15.2,37
2026-05-29 09:00:00,224.3179,28.4,78,0.0,14.8,30
2026-05-29 10:00:00,234.7324,29.1,77,0.0,13.5,45
2026-05-29 11:00:00,242.9159,29.7,75,0.2,8.9,23
2026-05-29 12:00:00,256.7691,30.9,69,0.0,8.9,34
2026-05-29 13:00:00,268.7288,31.4,69,0.0,6.7,9
2026-05-29 14:00:00,252.2965,31.7,67,0.0,7.4,8
2026-05-29 15:00:00,230.11,31.6,65,0.0,6.6,57
2026-05-29 16:00:00,213.4592,31.8,63,0.0,3.5,60
2026-05-29 17:00:00,208.6492,30.1,66,0.1,9.1,73
2026-05-29 18:00:00,195.9664,28.1,78,0.2,7.6,90
2026-05-29 19:00:00,219.8931,27.2,83,0.0,3.6,99
2026-05-29 20:00:00,240.9933,26.5,89,0.0,3.8,100
2026-05-29 21:00:00,243.4703,26.4,89,0.0,6.7,99
2026-05-29 22:00:00,238.7733,25.8,90,0.0,5.1,99
2026-05-29 23:00:00,239.0778,25.2,91,0.0,5.2,93
2026-05-30 00:00:00,222.4135,26.0,89,0.0,8.6,68
2026-05-30 01:00:00,216.7656,25.5,92,0.0,2.3,100
2026-05-30 02:00:00,211.1829,25.5,93,0.0,2.9,100
2026-05-30 03:00:00,206.5035,25.4,94,0.0,0.4,54
2026-05-30 04:00:00,198.5485,24.8,97,0.0,3.0,74
2026-05-30 05:00:00,191.5512,24.5,96,0.0,5.3,83
2026-05-30 06:00:00,190.7676,25.4,97,0.0,5.1,62
2026-05-30 07:00:00,200.2419,25.4,93,0.2,8.5,94
2026-05-30 08:00:00,212.4314,25.2,90,0.4,4.7,55
2026-05-30 09:00:00,226.6867,26.5,85,0.3,13.6,38
2026-05-30 10:00:00,232.19,27.8,78,0.1,10.7,8
2026-05-30 11:00:00,248.7633,29.9,72,0.0,8.4,5
2026-05-30 12:00:00,259.0206,31.2,68,0.0,10.1,2
2026-05-30 13:00:00,259.1336,31.8,65,0.0,6.7,28
2026-05-30 14:00:00,255.2897,31.8,65,0.7,5.3,35
2026-05-30 15:00:00,253.8853,32.1,62,0.1,4.0,30
2026-05-30 16:00:00,250.3106,32.0,60,0.0,4.4,41
2026-05-30 17:00:00,237.9209,31.5,63,0.0,4.0,39
2026-05-30 18:00:00,233.5244,31.0,74,0.0,3.6,34
2026-05-30 19:00:00,261.6988,29.5,79,0.0,3.2,36
2026-05-30 20:00:00,278.0224,29.1,79,0.0,1.4,38
2026-05-30 21:00:00,279.8397,28.5,81,0.0,1.3,30
2026-05-30 22:00:00,274.2036,27.6,86,0.0,3.1,62
2026-05-30 23:00:00,269.4497,27.1,89,0.0,3.8,69
2026-05-31 00:00:00,254.3544,27.8,86,0.0,7.1,99
2026-05-31 01:00:00,247.9206,27.2,88,0.0,7.3,98
2026-05-31 02:00:00,238.7219,25.5,92,0.1,15.2,100
2026-05-31 03:00:00,231.5275,25.2,91,0.1,2.9,81
2026-05-31 04:00:00,228.1975,24.5,94,0.0,7.3,69
2026-05-31 05:00:00,224.8367,24.5,93,0.0,0.4,91
2026-05-31 06:00:00,227.8069,27.0,89,0.0,1.5,2
2026-05-31 07:00:00,236.8317,28.0,87,0.0,1.5,10
2026-05-31 08:00:00,249.5809,29.5,79,0.0,1.2,1
2026-05-31 09:00:00,261.8754,31.0,73,0.0,0.4,1
2026-05-31 10:00:00,263.4929,31.9,67,0.1,1.7,16
2026-05-31 11:00:00,265.5226,32.7,63,0.0,0.7,16
2026-05-31 12:00:00,281.5066,33.8,54,0.0,3.2,23
2026-05-31 13:00:00,289.3506,34.0,55,0.0,4.1,24
2026-05-31 14:00:00,275.8191,34.0,54,0.0,3.6,15
2026-05-31 15:00:00,257.08,34.1,54,0.0,1.9,4
2026-05-31 16:00:00,253.4192,34.0,52,0.0,1.6,22
2026-05-31 17:00:00,247.8281,33.7,54,0.0,2.1,17
2026-05-31 18:00:00,243.6347,31.7,72,0.0,4.4,15
2026-05-31 19:00:00,271.6417,30.0,77,0.0,4.7,11
2026-05-31 20:00:00,292.3925,29.5,75,0.0,5.2,9
2026-05-31 21:00:00,294.9517,29.4,73,0.0,4.8,10
2026-05-31 22:00:00,285.0959,28.9,75,0.0,5.4,5
2026-05-31 23:00:00,277.8047,28.3,77,0.0,4.6,48
2026-06-01 00:00:00,269.5656,28.7,76,0.0,5.6,30
2026-06-01 01:00:00,263.1008,27.8,82,0.0,4.8,27
2026-06-01 02:00:00,255.5158,27.3,87,0.0,3.7,29
2026-06-01 03:00:00,249.6267,26.8,85,0.7,11.0,60
2026-06-01 04:00:00,245.5053,25.4,93,1.5,8.3,59
2026-06-01 05:00:00,241.3839,25.5,95,0.3,6.5,28
2026-06-01 06:00:00,245.6697,27.9,86,0.0,4.3,20
2026-06-01 07:00:00,259.9353,28.9,85,0.0,3.6,23
2026-06-01 08:00:00,277.9728,30.4,77,0.0,0.7,20
2026-06-01 09:00:00,291.4264,31.8,72,0.0,3.3,7
2026-06-01 10:00:00,294.6742,32.5,66,0.1,5.2,28
2026-06-01 11:00:00,298.4872,31.6,67,0.8,5.2,39
2026-06-01 12:00:00,316.35,33.6,56,0.5,6.0,15
2026-06-01 13:00:00,313.7189,33.9,55,0.0,6.9,9
2026-06-01 14:00:00,303.1328,34.0,55,0.0,6.9,7
2026-06-01 15:00:00,294.0369,34.0,54,0.0,5.7,14
2026-06-01 16:00:00,285.5475,33.7,55,0.1,5.6,21
2026-06-01 17:00:00,277.5822,33.0,62,0.0,6.4,20
2026-06-01 18:00:00,269.1956,32.3,71,0.0,4.9,20
2026-06-01 19:00:00,296.4728,30.6,77,0.0,4.4,13
2026-06-01 20:00:00,315.5278,29.8,82,0.0,3.8,9
2026-06-01 21:00:00,308.3897,29.2,84,0.0,2.7,6
2026-06-01 22:00:00,300.07,28.8,86,0.0,4.1,1
2026-06-01 23:00:00,287.5594,28.5,84,0.0,6.2,2
2026-06-02 00:00:00,289.4325,28.9,77,0.0,10.7,16
2026-06-02 01:00:00,279.6172,27.6,77,0.0,5.9,9
2026-06-02 02:00:00,271.8164,27.1,80,0.0,3.6,13
2026-06-02 03:00:00,261.5797,27.0,81,0.0,2.2,19
2026-06-02 04:00:00,256.04,26.5,83,0.0,3.6,15
2026-06-02 05:00:00,252.1447,26.3,85,0.0,6.7,21
2026-06-02 06:00:00,251.0758,27.5,84,0.0,6.3,24
2026-06-02 07:00:00,266.215,28.5,84,0.0,8.5,4
2026-06-02 08:00:00,278.6511,29.8,81,0.0,9.0,3
2026-06-02 09:00:00,292.9475,31.1,77,0.0,9.4,4
2026-06-02 10:00:00,305.0856,32.2,73,0.0,8.8,5
2026-06-02 11:00:00,315.0242,33.1,68,0.1,9.9,20
2026-06-02 12:00:00,331.9928,32.0,70,0.1,11.3,12
2026-06-02 13:00:00,338.3136,33.6,61,0.0,10.9,3
2026-06-02 14:00:00,330.6669,34.0,58,0.0,11.9,13
2026-06-02 15:00:00,315.6306,33.8,58,0.0,12.3,9
2026-06-02 16:00:00,304.2531,33.5,60,0.0,11.8,11
2026-06-02 17:00:00,289.0522,32.8,67,0.0,8.9,14
2026-06-02 18:00:00,290.0389,31.3,80,0.0,3.6,3
2026-06-02 19:00:00,306.6169,30.3,83,0.0,4.4,11
2026-06-02 20:00:00,335.4564,29.9,84,0.0,7.0,7
2026-06-02 21:00:00,332.8253,29.5,80,0.0,9.0,5
2026-06-02 22:00:00,318.7653,29.2,78,0.0,10.1,3
2026-06-02 23:00:00,314.3837,28.9,80,0.0,9.7,8
2026-06-03 00:00:00,302.1153,26.5,91,0.0,8.0,61
2026-06-03 01:00:00,298.9806,26.9,90,1.0,9.6,34
2026-06-03 02:00:00,291.9403,26.7,90,0.2,9.4,21
2026-06-03 03:00:00,285.0028,25.0,93,5.6,11.6,73
2026-06-03 04:00:00,278.4044,24.9,92,1.7,12.8,22
2026-06-03 05:00:00,272.6181,24.9,93,0.1,11.2,11
2026-06-03 06:00:00,269.3189,28.1,85,0.0,7.9,18
2026-06-03 07:00:00,277.9522,28.7,83,0.1,3.2,26
2026-06-03 08:00:00,297.0689,30.0,79,0.0,4.5,4
2026-06-03 09:00:00,308.2819,31.4,77,0.0,8.1,0
2026-06-03 10:00:00,326.9156,32.5,75,0.0,8.7,4
2026-06-03 11:00:00,334.0381,33.7,70,0.0,10.3,18
2026-06-03 12:00:00,357.6769,34.0,65,1.0,12.2,20
2026-06-03 13:00:00,357.9544,34.3,62,0.0,12.3,29
2026-06-03 14:00:00,332.29,34.7,57,0.0,13.2,27
2026-06-03 15:00:00,325.23,33.7,56,0.2,14.4,53
2026-06-03 16:00:00,314.25,33.3,62,0.3,6.5,38
2026-06-03 17:00:00,302.54,33.0,66,0.4,6.0,15
2026-06-03 18:00:00,285.57,32.3,64,0.0,11.0,4
2026-06-03 19:00:00,304.15,31.0,69,0.0,9.7,1
2026-06-03 20:00:00,337.3886,30.5,70,0.0,11.1,26
2026-06-03 21:00:00,328.2311,29.9,69,0.0,12.9,2
2026-06-03 22:00:00,317.9886,29.2,70,0.0,13.7,3
2026-06-03 23:00:00,309.7217,28.6,75,0.0,6.3,15
2026-06-04 00:00:00,297.0381,29.0,77,0.0,9.6,27
2026-06-04 01:00:00,291.9814,28.2,82,0.0,0.4,18
2026-06-04 02:00:00,286.3389,27.4,87,0.0,6.3,33
2026-06-04 03:00:00,277.3664,26.8,90,0.0,5.2,7
2026-06-04 04:00:00,266.5233,26.0,95,0.0,7.1,2
2026-06-04 05:00:00,262.33,25.5,97,0.0,8.2,1
2026-06-04 06:00:00,259.2158,26.4,92,0.0,7.4,1
2026-06-04 07:00:00,276.5031,27.4,89,0.0,8.3,1
2026-06-04 08:00:00,291.8272,28.9,86,0.0,8.3,0
2026-06-04 09:00:00,304.3867,30.8,77,0.0,10.3,33
2026-06-04 10:00:00,319.0531,32.1,73,0.0,9.4,26
2026-06-04 11:00:00,326.3606,33.0,71,0.0,9.3,13
2026-06-04 12:00:00,342.3528,33.5,69,0.1,9.6,22
2026-06-04 13:00:00,353.2986,33.8,69,0.0,10.8,31
2026-06-04 14:00:00,343.8944,34.0,66,0.2,10.7,23
2026-06-04 15:00:00,333.17,32.5,72,0.5,10.9,80
2026-06-04 16:00:00,329.1869,28.9,85,3.7,6.2,64
2026-06-04 17:00:00,304.6539,29.6,84,0.3,0.0,23
2026-06-04 18:00:00,258.7421,30.8,83,0.3,3.4,0
2026-06-04 19:00:00,285.6512,29.6,87,0.0,5.2,5
2026-06-04 20:00:00,307.5709,29.2,88,0.0,4.6,5
2026-06-04 21:00:00,306.2142,28.4,90,0.0,7.7,4
2026-06-04 22:00:00,301.5948,28.0,91,0.0,7.8,4
2026-06-04 23:00:00,299.2179,28.0,90,0.0,7.4,2
2026-06-05 00:00:00,276.5544,27.8,92,0.0,2.0,14
2026-06-05 01:00:00,270.3981,26.2,96,0.0,8.5,34
2026-06-05 02:00:00,263.81,25.0,96,0.0,13.2,100
2026-06-05 03:00:00,254.3544,24.6,94,0.0,10.6,87
2026-06-05 04:00:00,243.9842,24.5,93,0.0,9.6,29
2026-06-05 05:00:00,241.3839,24.3,94,0.0,8.8,35
2026-06-05 06:00:00,240.2431,23.8,96,0.0,11.6,51
2026-06-05 07:00:00,255.5672,24.8,93,0.3,12.8,11
2026-06-05 08:00:00,267.1503,26.2,88,0.0,18.1,100
2026-06-05 09:00:00,278.3531,27.4,83,0.0,15.8,45
2026-06-05 10:00:00,284.6019,29.0,78,0.0,12.1,100
2026-06-05 11:00:00,295.1469,30.2,74,0.0,9.6,99
2026-06-05 12:00:00,307.2747,31.4,70,0.0,9.1,100
2026-06-05 13:00:00,308.8061,31.2,69,0.0,9.6,52
2026-06-05 14:00:00,289.5147,31.9,67,0.0,8.7,99
2026-06-05 15:00:00,275.1258,32.2,67,0.1,8.3,23
2026-06-05 16:00:00,269.6786,32.0,69,0.1,9.2,30
2026-06-05 17:00:00,263.2756,30.1,78,0.3,12.0,65
2026-06-05 18:00:00,277.55654999999996,30.6,79,0.1,7.0,41
2026-06-05 19:00:00,291.8375,29.5,83,0.1,5.7,22
2026-06-05 20:00:00,312.1156,28.7,85,0.0,7.4,24
2026-06-05 21:00:00,309.0733,28.0,85,0.0,4.4,30
2026-06-05 22:00:00,305.1678,25.5,95,0.5,10.7,55
2026-06-05 23:00:00,298.5477,25.5,95,0.1,8.9,27
2026-06-06 00:00:00,290.5479,26.4,95,2.2,5.6,91
2026-06-06 01:00:00,270.7529,24.8,98,3.6,11.1,100
2026-06-06 02:00:00,261.2744,24.8,95,5.5,10.1,99
2026-06-06 03:00:00,253.8962,24.7,97,0.5,9.2,73
2026-06-06 04:00:00,247.5953,24.5,98,0.0,9.8,43
2026-06-06 05:00:00,243.0574,24.3,98,0.0,10.8,59
2026-06-06 06:00:00,241.3162,25.2,97,0.0,7.8,100
2026-06-06 07:00:00,253.2759,25.6,95,0.0,11.9,100
2026-06-06 08:00:00,271.0576,26.7,90,0.0,11.1,100
2026-06-06 09:00:00,288.0124,27.8,87,0.0,8.2,84
2026-06-06 10:00:00,307.4047,29.9,79,0.1,7.2,93
2026-06-06 11:00:00,318.2435,30.9,74,0.0,7.0,9
2026-06-06 12:00:00,340.5197,31.0,72,0.1,6.6,24
2026-06-06 13:00:00,359.825,31.6,71,0.1,7.0,13
2026-06-06 14:00:00,333.0435,32.1,70,0.1,5.0,6
2026-06-06 15:00:00,307.3829,32.2,70,0.0,3.1,16
2026-06-06 16:00:00,297.3059,31.8,71,0.1,5.0,35
2026-06-06 17:00:00,289.6774,31.6,69,0.1,1.3,23
2026-06-06 18:00:00,278.0344,30.0,78,0.0,1.9,30
2026-06-06 19:00:00,308.3436,28.9,87,0.0,1.5,89
2026-06-06 20:00:00,329.0842,28.4,89,0.0,1.8,98
2026-06-06 21:00:00,329.8447,27.8,90,0.0,3.4,95
2026-06-06 22:00:00,319.9575,27.6,91,0.0,1.8,95
2026-06-06 23:00:00,311.8278,27.2,93,0.1,1.5,77
2026-06-07 00:00:00,301.37,25.7,93,0.3,7.7,88
2026-06-07 01:00:00,294.71,25.0,98,1.1,4.8,94
2026-06-07 02:00:00,283.51,25.2,96,0.7,4.0,84
2026-06-07 03:00:00,265.2,25.4,96,0.1,2.3,89
2026-06-07 04:00:00,257.69,25.2,96,0.0,2.9,96
2026-06-07 05:00:00,255.07,25.1,96,0.0,1.0,73
2026-06-07 06:00:00,255.07,25.6,97,0.0,8.1,100
2026-06-07 07:00:00,275.94,25.7,95,0.0,6.5,66
2026-06-07 08:00:00,291.42,27.1,90,0.0,4.6,80
2026-06-07 09:00:00,297.68,27.9,88,0.0,3.5,70
2026-06-07 10:00:00,310.33,30.1,81,0.0,3.8,84
2026-06-07 11:00:00,317.65,31.5,73,0.2,3.2,54
2026-06-07 12:00:00,335.55,32.2,70,0.2,7.3,27
2026-06-07 13:00:00,347.08,32.5,69,0.1,9.5,20
2026-06-07 14:00:00,338.15,31.4,75,0.3,10.8,82
2026-06-07 15:00:00,320.72,30.7,81,1.6,3.2,4
2026-06-07 16:00:00,309.91,32.0,71,0.0,7.1,3
2026-06-07 17:00:00,304.5717,31.9,70,0.0,8.8,5
2026-06-07 18:00:00,294.51,30.9,76,0.0,12.6,51
2026-06-07 19:00:00,324.81,29.4,83,0.0,6.8,85
2026-06-07 20:00:00,339.9272,28.5,86,0.0,8.9,65
2026-06-07 21:00:00,339.0891,27.6,89,0.0,7.4,40
2026-06-07 22:00:00,330.4535,27.0,91,0.0,9.7,46
2026-06-07 23:00:00,323.8153,26.9,91,0.0,12.5,15
2026-06-08 00:00:00,302.61,27.5,90,0.0,5.0,95
2026-06-08 01:00:00,296.36,27.0,92,0.7,4.0,100
2026-06-08 02:00:00,285.83,26.8,94,0.0,10.5,74
2026-06-08 03:00:00,278.25,26.4,93,0.0,8.0,56
2026-06-08 04:00:00,270.7,24.5,96,4.1,12.1,100
2026-06-08 05:00:00,266.97,24.8,96,1.9,6.5,91
2026-06-08 06:00:00,264.26,26.2,97,0.1,4.5,37
2026-06-08 07:00:00,274.25,27.5,90,0.0,8.5,73
2026-06-08 08:00:00,284.59,28.7,83,0.0,6.7,15
2026-06-08 09:00:00,293.57,29.8,77,0.0,7.9,13
2026-06-08 10:00:00,310.06,30.8,73,0.1,5.9,25
2026-06-08 11:00:00,321.05,31.9,68,0.2,4.8,32
2026-06-08 12:00:00,340.78,32.2,65,0.0,5.2,26
2026-06-08 13:00:00,346.02,32.8,62,0.0,6.0,48
2026-06-08 14:00:00,334.92,33.2,61,0.0,7.0,54
2026-06-08 15:00:00,325.0503,33.3,61,0.0,6.8,24
2026-06-08 16:00:00,319.2889,33.0,61,0.0,7.3,40
2026-06-08 17:00:00,305.8526,32.2,67,0.3,7.1,66
2026-06-08 18:00:00,297.1311,32.0,74,0.1,4.3,84
2026-06-08 19:00:00,326.5197,29.9,79,0.1,9.7,83
2026-06-08 20:00:00,322.4074,28.4,79,0.1,10.7,92
2026-06-08 21:00:00,337.2718,27.4,87,0.5,4.7,94
2026-06-08 22:00:00,329.9503,26.0,91,0.1,14.8,59
2026-06-08 23:00:00,314.8237,26.0,91,0.1,12.3,37
2026-06-09 00:00:00,295.778,25.9,91,0.0,13.3,82
2026-06-09 01:00:00,289.8474,24.4,97,6.5,12.1,100
2026-06-09 02:00:00,283.864,24.1,96,6.7,14.0,89
2026-06-09 03:00:00,274.2651,24.0,96,0.7,11.6,100
2026-06-09 04:00:00,270.4066,23.2,99,6.4,5.7,100
2026-06-09 05:00:00,262.4569,24.0,97,0.5,9.9,100
2026-06-09 06:00:00,249.04,24.3,96,1.0,8.3,89
2026-06-09 07:00:00,262.01,25.5,93,0.0,10.8,100
2026-06-09 08:00:00,265.54,26.5,91,0.0,12.3,100
2026-06-09 09:00:00,272.58,27.3,89,0.0,10.7,100
2026-06-09 10:00:00,273.83,28.5,85,0.2,7.6,100
2026-06-09 11:00:00,293.0,27.0,92,1.9,14.6,98
2026-06-09 12:00:00,318.83,28.1,84,0.4,13.4,79
2026-06-09 13:00:00,328.3,29.5,77,0.3,12.6,38
2026-06-09 14:00:00,325.5,30.9,74,0.1,13.5,21
2026-06-09 15:00:00,306.55,31.1,72,0.1,12.5,19
2026-06-09 16:00:00,377.42,31.2,71,0.1,12.6,12
2026-06-09 17:00:00,279.65,31.0,72,0.0,13.2,11
2026-06-09 18:00:00,274.13,30.0,77,0.0,12.6,5
2026-06-09 19:00:00,301.13,29.0,81,0.0,12.7,18
2026-06-09 20:00:00,321.0754,27.8,87,0.0,14.3,83
2026-06-09 21:00:00,307.3114,27.5,88,0.0,17.4,93
2026-06-09 22:00:00,306.9542,27.2,89,0.0,16.3,98
2026-06-09 23:00:00,307.0642,24.4,98,5.9,10.4,100
2026-06-10 00:00:00,287.88,26.5,89,8.2,16.5,77
2026-06-10 01:00:00,273.52,25.9,92,0.0,12.5,86
2026-06-10 02:00:00,263.61,25.5,94,0.0,8.7,100
2026-06-10 03:00:00,247.08,25.7,92,0.0,9.2,100
2026-06-10 04:00:00,239.83,25.6,92,0.0,10.3,100
2026-06-10 05:00:00,237.85,25.8,91,0.0,12.9,100
2026-06-10 06:00:00,237.56,25.5,95,0.0,11.1,97
2026-06-10 07:00:00,250.03,26.0,92,0.0,13.9,100
2026-06-10 08:00:00,265.89,26.8,88,0.0,15.8,100
2026-06-10 09:00:00,256.51,27.2,87,0.0,11.0,100
2026-06-10 10:00:00,269.55,29.5,79,0.0,7.6,100
2026-06-10 11:00:00,286.97,30.1,77,0.0,10.6,98
2026-06-10 12:00:00,305.29,28.0,87,0.2,10.7,98
2026-06-10 13:00:00,308.36,28.9,81,0.0,11.5,14
2026-06-10 14:00:00,295.59,31.2,71,0.0,11.3,32
2026-06-10 15:00:00,292.25,31.0,74,0.2,11.4,38
2026-06-10 16:00:00,283.6,30.2,77,0.2,11.5,38
2026-06-10 17:00:00,276.06,28.8,85,1.4,7.4,40
2026-06-10 18:00:00,259.0529,28.6,85,0.1,16.2,48
2026-06-10 19:00:00,294.3297,26.8,90,0.1,14.7,86
2026-06-10 20:00:00,312.3117,26.0,93,0.6,8.1,90
2026-06-10 21:00:00,303.6854,26.0,95,0.1,8.4,63
2026-06-10 22:00:00,298.37,25.6,97,0.1,4.4,55
2026-06-10 23:00:00,292.0431,25.6,96,0.1,8.8,38
2026-06-11 00:00:00,277.7981,25.2,96,0.0,9.3,32
2026-06-11 01:00:00,263.6661,24.8,97,0.3,9.3,59
2026-06-11 02:00:00,259.4728,24.5,97,0.6,6.5,100
2026-06-11 03:00:00,255.1356,24.2,97,2.4,11.0,100
2026-06-11 04:00:00,241.5175,23.4,98,12.7,10.3,100
2026-06-11 05:00:00,233.5831,23.2,99,9.1,11.6,98
2026-06-11 06:00:00,231.3528,24.7,96,0.7,6.4,86
2026-06-11 07:00:00,235.28,24.4,94,2.7,7.4,99
2026-06-11 08:00:00,247.59,24.4,94,1.5,9.8,87
2026-06-11 09:00:00,261.84,25.7,88,0.3,9.5,61
2026-06-11 10:00:00,268.77,27.9,81,0.1,10.7,99
2026-06-11 11:00:00,283.54,28.5,80,0.1,8.5,98
2026-06-11 12:00:00,313.31,28.8,78,0.0,3.7,100
2026-06-11 13:00:00,318.63,29.5,78,0.6,3.5,100
2026-06-11 14:00:00,298.33,29.8,77,0.3,4.0,100
2026-06-11 15:00:00,274.85,26.9,86,11.0,11.4,100
2026-06-11 16:00:00,253.24,26.2,93,6.5,4.6,100
2026-06-11 17:00:00,242.87,26.5,92,0.4,3.0,100
2026-06-11 18:00:00,239.15,28.6,78,0.7,7.5,70
2026-06-11 19:00:00,271.2734,27.5,83,0.0,7.3,34
2026-06-11 20:00:00,296.74,27.0,87,0.0,7.4,68
2026-06-11 21:00:00,288.7374,26.5,91,0.0,5.5,91
2026-06-11 22:00:00,279.8506,26.4,91,0.0,5.4,99
2026-06-11 23:00:00,260.2642,26.4,92,0.0,6.5,100
2026-06-12 00:00:00,261.6879,26.5,91,0.0,6.5,100
2026-06-12 01:00:00,254.9735,26.0,95,0.0,3.3,100
2026-06-12 02:00:00,245.1576,25.8,93,0.1,10.2,98
2026-06-12 03:00:00,240.7938,25.2,93,0.1,11.8,99
2026-06-12 04:00:00,234.4276,25.1,94,0.0,10.5,88
2026-06-12 05:00:00,228.5294,24.9,94,0.0,10.3,99
2026-06-12 06:00:00,218.9989,25.6,94,0.0,10.9,66
2026-06-12 07:00:00,239.3247,26.4,92,0.0,9.8,83
2026-06-12 08:00:00,253.3654,27.8,84,0.0,13.3,68
2026-06-12 09:00:00,273.8,29.1,81,0.0,10.4,47
2026-06-12 10:00:00,272.01,30.0,79,0.0,6.9,77
2026-06-12 11:00:00,281.28,30.3,78,0.0,4.6,89
2026-06-12 12:00:00,305.07,31.1,74,0.0,2.9,71
2026-06-12 13:00:00,315.4456,30.9,75,0.2,4.7,95
2026-06-12 14:00:00,280.4806,31.0,69,0.1,4.8,92
2026-06-12 15:00:00,262.9467,31.7,63,0.0,4.5,100
2026-06-12 16:00:00,257.7667,31.0,67,0.0,5.6,98
2026-06-12 17:00:00,250.4592,30.2,74,0.0,4.8,88
2026-06-12 18:00:00,247.9308,30.2,78,0.0,3.3,27
2026-06-12 19:00:00,271.7136,29.2,83,0.0,2.4,13
2026-06-12 20:00:00,304.1914,28.5,85,0.0,2.5,8
2026-06-12 21:00:00,305.7536,27.9,88,0.0,4.5,9
2026-06-12 22:00:00,295.4397,27.7,87,0.0,5.6,5
2026-06-12 23:00:00,294.5424,27.4,88,0.0,6.1,50
2026-06-13 00:00:00,286.8557,24.4,96,2.0,13.0,100
2026-06-13 01:00:00,268.9054,24.7,96,2.9,5.8,68
2026-06-13 02:00:00,271.5377,24.5,98,2.2,7.1,91
2026-06-13 03:00:00,260.258,24.4,97,3.6,7.4,5
2026-06-13 04:00:00,256.0506,24.8,96,0.2,7.7,20
2026-06-13 05:00:00,253.8834,24.7,97,0.0,2.2,50
2026-06-13 06:00:00,251.0291,26.0,96,0.3,5.6,19
2026-06-13 07:00:00,260.2025,27.0,91,0.0,5.1,14
2026-06-13 08:00:00,274.9408,28.2,84,0.0,7.6,19
2026-06-13 09:00:00,291.8349,29.6,79,0.0,8.8,16
2026-06-13 10:00:00,303.7489,30.6,77,0.1,10.4,13
2026-06-13 11:00:00,321.0437,31.5,74,0.1,7.7,13
2026-06-13 12:00:00,333.2854,31.4,67,0.1,3.1,27
2026-06-13 13:00:00,353.1145,32.3,65,0.0,7.2,9
2026-06-13 14:00:00,341.2185,32.7,62,0.0,8.8,12
2026-06-13 15:00:00,319.9194,32.7,63,0.0,8.6,15
2026-06-13 16:00:00,311.2135,32.2,64,0.0,8.6,16
2026-06-13 17:00:00,305.0868,31.4,68,0.3,9.7,41
2026-06-13 18:00:00,297.3603,27.6,85,0.1,10.5,39
2026-06-13 19:00:00,324.2997,27.0,89,0.0,3.0,11
2026-06-13 20:00:00,352.8679,27.2,89,0.0,6.1,6
2026-06-13 21:00:00,334.1773,27.2,90,0.0,5.5,49
2026-06-13 22:00:00,348.5083,26.0,91,0.1,12.1,90
2026-06-13 23:00:00,333.8488,26.0,91,0.0,8.1,97
2026-06-14 00:00:00,312.6923,25.4,96,0.0,11.2,100
2026-06-14 01:00:00,300.0489,25.4,95,0.4,8.3,98
2026-06-14 02:00:00,293.9174,25.4,96,0.2,7.6,100
2026-06-14 03:00:00,287.4054,25.1,97,0.3,9.0,88
2026-06-14 04:00:00,262.5837,24.7,97,0.0,8.5,76
2026-06-14 05:00:00,264.9729,24.6,97,0.1,7.4,52
2026-06-14 06:00:00,259.9197,25.0,98,0.0,10.2,100
2026-06-14 07:00:00,275.2694,26.1,93,0.0,9.8,91
2026-06-14 08:00:00,292.226,26.9,90,0.1,2.7,100
2026-06-14 09:00:00,301.748,27.0,90,1.4,4.5,92
2026-06-14 10:00:00,311.27,28.1,87,0.5,4.0,100
2026-06-14 11:00:00,320.62,29.1,83,0.1,7.5,33
2026-06-14 12:00:00,327.89,30.9,74,0.0,7.8,35
2026-06-14 13:00:00,355.8886,31.1,73,0.2,9.3,29
2026-06-14 14:00:00,352.6511,31.8,72,0.1,9.4,27
2026-06-14 15:00:00,344.1308,31.9,71,0.0,9.4,28
2026-06-14 16:00:00,313.4825,31.9,70,0.1,7.6,42
2026-06-14 17:00:00,320.9236,31.5,70,0.1,6.3,33
2026-06-14 18:00:00,309.5667,30.6,79,0.9,7.4,7
2026-06-14 19:00:00,320.8208,29.2,81,0.0,7.3,1
2026-06-14 20:00:00,364.2033,29.0,82,0.0,10.5,5
2026-06-14 21:00:00,350.9142,28.2,84,0.0,9.7,9
2026-06-14 22:00:00,342.5069,28.0,84,0.0,11.9,2
2026-06-14 23:00:00,328.8152,26.9,91,0.0,3.5,53
2026-06-15 00:00:00,320.6949,25.1,93,7.0,4.5,95
2026-06-15 01:00:00,299.774,25.2,94,1.2,6.8,90
2026-06-15 02:00:00,287.6486,24.9,96,0.3,10.8,84
2026-06-15 03:00:00,264.5606,24.1,97,4.7,11.8,100
2026-06-15 04:00:00,265.7234,24.2,97,2.6,10.6,24
2026-06-15 05:00:00,261.7063,24.5,96,0.7,6.9,76
2026-06-15 06:00:00,253.9639,24.8,98,1.0,9.3,60
2026-06-15 07:00:00,268.028,25.5,92,0.0,12.5,81
2026-06-15 08:00:00,276.1022,26.9,87,0.0,12.1,21
2026-06-15 09:00:00,300.7149,28.6,80,0.0,10.8,93
2026-06-15 10:00:00,314.7854,30.3,74,0.0,8.3,92
2026-06-15 11:00:00,324.5323,30.8,73,0.0,8.3,96
2026-06-15 12:00:00,344.9597,31.1,73,0.0,8.5,41
2026-06-15 13:00:00,363.2094,31.5,72,0.1,10.9,53
2026-06-15 14:00:00,353.6874,31.2,71,0.1,12.3,23
2026-06-15 15:00:00,326.3194,31.8,70,0.0,11.7,20
2026-06-15 16:00:00,316.3911,31.9,68,0.0,11.6,42
2026-06-15 17:00:00,306.0106,31.4,70,0.0,11.2,40
2026-06-15 18:00:00,295.3936,30.0,79,0.0,11.7,87
2026-06-15 19:00:00,317.0583,28.8,84,0.0,9.7,17
2026-06-15 20:00:00,343.8674,28.0,86,0.0,7.0,22
2026-06-15 21:00:00,340.4634,27.6,88,0.0,5.5,72
2026-06-15 22:00:00,318.1021,27.5,90,0.0,4.2,19
2026-06-15 23:00:00,308.9153,26.8,92,0.0,5.7,38
2026-06-16 00:00:00,315.5254,24.1,100,1.3,18.4,100
2026-06-16 01:00:00,302.808,23.9,98,3.5,5.9,84
2026-06-16 02:00:00,289.266,23.9,99,2.0,9.2,100
2026-06-16 03:00:00,277.1617,24.4,96,7.2,5.9,75
2026-06-16 04:00:00,271.1994,24.5,96,2.1,3.9,80
2026-06-16 05:00:00,264.846,24.8,96,0.5,4.5,78
2026-06-16 06:00:00,265.7763,26.0,98,0.4,8.6,52
2026-06-16 07:00:00,269.73,26.6,92,0.0,7.0,42
2026-06-16 08:00:00,290.2033,26.9,89,0.5,7.9,63
2026-06-16 09:00:00,296.28,28.3,84,0.1,8.0,74
2026-06-16 10:00:00,311.72,29.5,82,0.0,7.1,38
2026-06-16 11:00:00,331.8477,30.8,78,0.0,6.3,22
2026-06-16 12:00:00,354.0054,31.8,73,0.0,6.6,30
2026-06-16 13:00:00,367.114,31.8,71,0.2,5.8,11
2026-06-16 14:00:00,365.0209,32.7,67,0.2,5.1,25
2026-06-16 15:00:00,357.0391,31.4,73,0.9,8.5,63
2026-06-16 16:00:00,356.9939,30.8,77,0.6,8.1,58
2026-06-16 17:00:00,352.0382,31.2,74,0.0,5.8,9
2026-06-16 18:00:00,346.2303,30.3,83,0.0,10.9,9
2026-06-16 19:00:00,355.8503,29.2,87,0.0,8.9,6
2026-06-16 20:00:00,380.7617,28.8,88,0.0,9.3,7
2026-06-16 21:00:00,387.43475,28.8,86,0.0,9.7,8
2026-06-16 22:00:00,394.1078,28.6,85,0.0,13.7,13
2026-06-16 23:00:00,371.1331,28.4,85,0.0,14.9,3
2026-06-17 00:00:00,356.7378,27.2,93,0.8,2.9,30
2026-06-17 01:00:00,350.4461,26.6,93,1.5,2.7,66
2026-06-17 02:00:00,337.5745,26.0,96,0.8,7.1,44
2026-06-17 03:00:00,306.6067,25.5,98,0.1,8.5,35
2026-06-17 04:00:00,295.1255,25.4,97,0.0,5.0,27
2026-06-17 05:00:00,285.7185,25.1,97,0.0,8.3,17
2026-06-17 06:00:00,269.1803,26.2,94,0.0,4.8,99
2026-06-17 07:00:00,284.2763,26.4,93,0.3,9.7,20
2026-06-17 08:00:00,306.1909,27.3,88,0.0,8.9,18
2026-06-17 09:00:00,321.8471,28.9,80,0.2,10.7,83
2026-06-17 10:00:00,335.294,29.8,77,0.1,8.5,52
2026-06-17 11:00:00,348.7409,30.0,74,0.2,10.6,27
2026-06-17 12:00:00,374.9263,31.2,72,0.1,8.1,14
2026-06-17 13:00:00,379.3029,31.0,74,0.3,9.0,27
2026-06-17 14:00:00,365.3803,31.4,74,0.6,10.6,34
2026-06-17 15:00:00,360.232,31.6,72,0.2,10.3,44
2026-06-17 16:00:00,342.7257,31.6,70,0.1,9.3,73
2026-06-17 17:00:00,333.074,31.3,70,0.0,10.8,86
2026-06-17 18:00:00,330.3149,30.8,75,0.0,15.9,59
2026-06-17 19:00:00,349.9989,29.4,79,0.0,15.0,48
2026-06-17 20:00:00,369.26,28.8,81,0.0,14.7,16
2026-06-17 21:00:00,357.6103,28.3,83,0.0,13.3,6
2026-06-17 22:00:00,338.7403,28.0,84,0.0,15.6,7
2026-06-17 23:00:00,326.34,27.0,91,0.9,3.7,76
2026-06-18 00:00:00,324.6358,26.0,97,1.8,6.3,100
2026-06-18 01:00:00,300.7338,25.1,97,5.3,8.4,100
2026-06-18 02:00:00,287.5685,24.5,99,3.1,9.4,100
2026-06-18 03:00:00,276.6927,24.6,99,0.4,8.8,100
2026-06-18 04:00:00,265.5838,24.7,97,0.3,6.6,100
2026-06-18 05:00:00,260.1426,24.9,96,0.1,9.3,100
2026-06-18 06:00:00,259.185,26.1,94,0.2,10.1,95
2026-06-18 07:00:00,255.3206,26.9,91,0.0,13.2,100
2026-06-18 08:00:00,264.32,27.0,91,0.1,12.0,100
2026-06-18 09:00:00,276.94,26.5,94,1.7,10.7,100
2026-06-18 10:00:00,287.97,27.0,92,1.2,9.6,100
2026-06-18 11:00:00,302.4647,27.0,93,1.4,11.0,100
2026-06-18 12:00:00,313.3797,29.0,77,1.1,9.7,100
2026-06-18 13:00:00,322.3933,30.0,76,0.1,9.5,97
2026-06-18 14:00:00,309.2378,30.8,75,0.0,9.0,73
2026-06-18 15:00:00,291.79,31.1,75,0.0,8.5,78
2026-06-18 16:00:00,283.4303,31.5,74,0.1,11.3,21
2026-06-18 17:00:00,274.0672,31.0,74,0.2,9.6,27
2026-06-18 18:00:00,271.9192,29.6,82,0.2,15.4,95
2026-06-18 19:00:00,296.0925,28.0,83,0.0,14.3,98
2026-06-18 20:00:00,312.6294,27.1,85,0.0,11.1,99
2026-06-18 21:00:00,316.1106,26.6,89,0.0,10.3,100
2026-06-18 22:00:00,305.6418,26.7,90,0.0,5.2,99
2026-06-18 23:00:00,297.5562,26.4,93,0.0,2.9,100
2026-06-19 00:00:00,283.8928,26.9,87,0.0,12.7,98
2026-06-19 01:00:00,272.0117,26.0,88,0.0,13.0,95
2026-06-19 02:00:00,263.3783,25.5,87,0.0,10.8,98
2026-06-19 03:00:00,252.2372,25.1,90,0.5,2.5,100
2026-06-19 04:00:00,243.9636,24.8,92,0.4,10.1,99
2026-06-19 05:00:00,238.6706,24.6,94,0.0,7.3,100
2026-06-19 06:00:00,235.2583,25.6,95,0.0,9.7,98
2026-06-19 07:00:00,238.3,25.5,94,0.2,9.2,98
2026-06-19 08:00:00,243.05,26.2,92,0.7,11.5,97
2026-06-19 09:00:00,252.76,27.8,82,0.1,10.0,91
2026-06-19 10:00:00,256.51,29.0,76,0.1,12.3,92
2026-06-19 11:00:00,274.01,30.0,71,0.3,10.7,88
2026-06-19 12:00:00,290.73,28.0,75,0.0,10.7,100
2026-06-19 13:00:00,297.5725,28.7,72,0.1,7.4,99
2026-06-19 14:00:00,267.9108,30.6,65,0.0,7.8,100
2026-06-19 15:00:00,256.9809,30.3,69,0.1,6.6,89
2026-06-19 16:00:00,249.5809,30.2,70,0.5,6.1,45
2026-06-19 17:00:00,243.8723,30.5,69,0.1,4.6,33
2026-06-19 18:00:00,242.0117,29.8,78,0.0,5.7,25
2026-06-19 19:00:00,270.8506,28.6,85,0.0,0.2,21
2026-06-19 20:00:00,291.7668,27.4,90,0.0,4.9,34
2026-06-19 21:00:00,288.0232,26.5,93,0.1,8.0,38
2026-06-19 22:00:00,269.5566,26.1,93,0.1,6.2,73
2026-06-19 23:00:00,280.6629,25.3,98,0.8,8.1,40
2026-06-20 00:00:00,274.9819,26.9,93,0.2,3.1,100
2026-06-20 01:00:00,267.325,26.5,94,0.7,7.7,98
2026-06-20 02:00:00,254.9608,25.5,96,0.7,6.6,82
2026-06-20 03:00:00,248.9483,25.0,97,1.1,3.1,88
2026-06-20 04:00:00,241.5997,25.1,98,0.4,5.8,55
2026-06-20 05:00:00,233.9428,25.0,98,0.0,2.7,42
2026-06-20 06:00:00,233.5111,26.0,97,0.0,3.1,29
2026-06-20 07:00:00,248.4344,26.8,92,0.3,4.7,76
2026-06-20 08:00:00,267.7772,27.5,89,0.2,8.6,41
2026-06-20 09:00:00,276.12,29.0,83,0.1,7.2,100
2026-06-20 10:00:00,291.8,30.0,77,0.1,8.5,23
2026-06-20 11:00:00,302.05,31.2,72,0.1,8.6,64
2026-06-20 12:00:00,325.28,31.3,68,0.1,8.6,89
2026-06-20 13:00:00,323.4931,30.6,71,0.0,10.5,52
2026-06-20 14:00:00,308.21,30.8,71,0.5,13.3,70
2026-06-20 15:00:00,305.8737,31.1,73,0.2,10.7,46
2026-06-20 16:00:00,298.5794,31.0,75,0.0,9.9,75
2026-06-20 17:00:00,291.4014,29.9,81,0.4,11.4,85
2026-06-20 18:00:00,296.4969,29.4,84,1.4,6.7,99
2026-06-20 19:00:00,316.3289,28.6,89,0.1,7.8,98
2026-06-20 20:00:00,363.5903,27.6,90,0.0,8.0,81
2026-06-20 21:00:00,349.6065,27.4,90,0.0,8.4,73
2026-06-20 22:00:00,332.0806,26.1,96,0.2,12.1,99
2026-06-20 23:00:00,301.1909,25.2,96,3.4,5.8,99
2026-06-21 00:00:00,311.1252,25.5,98,3.2,5.5,100
2026-06-21 01:00:00,298.1752,25.4,97,4.7,3.3,100
2026-06-21 02:00:00,291.1788,25.0,99,3.3,6.9,100
2026-06-21 03:00:00,262.3861,25.0,98,3.8,6.2,100
2026-06-21 04:00:00,259.2579,24.8,98,2.5,8.6,100
2026-06-21 05:00:00,257.8339,24.8,97,1.3,7.4,100
2026-06-21 06:00:00,257.9909,25.4,98,1.4,0.8,100
2026-06-21 07:00:00,251.1983,25.4,98,0.4,5.3,100
2026-06-21 08:00:00,265.8503,25.9,96,2.7,9.5,100
2026-06-21 09:00:00,271.5286,26.6,92,0.4,12.6,100
2026-06-21 10:00:00,286.2875,26.6,93,0.1,12.6,100
2026-06-21 11:00:00,292.7419,26.7,87,0.0,13.1,100
2026-06-21 12:00:00,320.8003,28.2,81,0.0,11.2,100
2026-06-21 13:00:00,332.1058,28.5,80,0.0,11.5,100
2026-06-21 14:00:00,329.3411,28.0,83,0.1,12.2,100
2026-06-21 15:00:00,305.7125,28.6,80,0.0,11.2,100
2026-06-21 16:00:00,287.4694,28.8,81,0.1,10.2,100
2026-06-21 17:00:00,273.2244,27.4,84,0.1,14.0,100
2026-06-21 18:00:00,269.7814,28.7,82,0.7,10.4,100
2026-06-21 19:00:00,290.2753,27.6,84,0.0,13.8,100
2026-06-21 20:00:00,308.7239,27.0,86,0.0,13.1,100
2026-06-21 21:00:00,303.9286,26.5,88,0.1,10.5,99
2026-06-21 22:00:00,289.0571,26.5,90,0.4,11.1,100
2026-06-21 23:00:00,290.5541,26.2,92,0.3,9.5,100
2026-06-22 00:00:00,291.5056,25.2,95,7.5,8.1,100
2026-06-22 01:00:00,277.8918,25.3,95,6.5,8.0,100
2026-06-22 02:00:00,269.02265,24.7,96,2.9,8.9,100
2026-06-22 03:00:00,260.1535,24.8,96,3.2,11.0,100
2026-06-22 04:00:00,249.7718,24.5,96,0.2,7.5,100
2026-06-22 05:00:00,246.0282,24.4,96,0.0,9.6,99
2026-06-22 06:00:00,241.6734,25.5,94,1.6,5.7,98
2026-06-22 07:00:00,254.3339,25.5,95,1.5,9.3,78
2026-06-22 08:00:00,265.2078,25.8,94,0.7,12.7,74
2026-06-22 09:00:00,299.2786,27.7,85,0.1,15.4,99
2026-06-22 10:00:00,280.6861,29.5,77,0.1,16.6,95
2026-06-22 11:00:00,297.3464,30.0,75,0.1,14.8,36
2026-06-22 12:00:00,305.7433,29.0,75,0.1,15.0,100
2026-06-22 13:00:00,315.2503,28.2,80,0.4,13.8,76
2026-06-22 14:00:00,305.7742,29.8,78,0.2,11.4,12
2026-06-22 15:00:00,289.8128,30.9,74,0.1,10.8,16
2026-06-22 16:00:00,282.6081,29.9,80,0.2,11.1,81
2026-06-22 17:00:00,265.2181,29.0,84,0.0,10.9,91
2026-06-22 18:00:00,268.7639,29.4,83,0.0,6.4,72
2026-06-22 19:00:00,291.9557,28.1,89,0.0,4.3,66
2026-06-22 20:00:00,315.1475,27.5,91,0.1,9.8,60
2026-06-22 21:00:00,313.0406,26.5,92,0.2,5.6,73
2026-06-22 22:00:00,298.6722,25.5,97,2.2,10.8,57
2026-06-22 23:00:00,289.4815,25.5,97,0.2,8.9,87
